SurveyId,AmazonIdentifier,AssignmentId,DurationInSeconds,StartTime,CompletionTime,ApprovalStatus,AmountPaid,AmountBonused,Estimated CloudResearch Fee,Actual Completion Code,,,,Feedback
374320,A3T9WZOUQGE2UW,3EFVCAY5L79GUD8M82VNM8SADR3J88,337,7/14/22 22:50,7/14/22 22:56,Pending,0,0,0.249,52787,,,,
374320,ATG26IZHQX5H8,37TD41K0AL9B5JHPC8K6GVFGZ11SC3,290,7/14/22 22:52,7/14/22 22:56,Pending,0,0,0.249,76828,,,,
374320,A6MWJK1YEY5L2,3OVHNO1VEA1IBN9H7W9PWUU17GCZDE,439,7/14/22 22:50,7/14/22 22:57,Pending,0,0,0.249,39726,,,,
374320,AGKCK081EU63R,3A0EX8ZRNCOPR01SXEG0NXXZY1XBYT,543,7/14/22 22:50,7/14/22 22:59,Pending,0,0,0.249,75336,,,,
374320,A2FYFCD16Z3PCC,32M8BPYGAXMZSHUY9IMB2KU8OVRGI9,520,7/14/22 22:51,7/14/22 22:59,Pending,0,0,0.249,99800,,,,
374320,AUFUUD4WG9CVO,3G5F9DBFOTXIEJ99SV3C29W3BX0HV6,480,7/14/22 22:51,7/14/22 22:59,Pending,0,0,0.249,69389,,,,
374320,A3EYRDEQ7CXUMN,31EUONYN2Z3S60VWW8Y2MIT4NJEVO8,431,7/14/22 22:52,7/14/22 22:59,Pending,0,0,0.249,77517,,,,
374320,A1TPGXT718D68E,38F5OAUN5RCG3T8DAX0WWVG0PFT7H4,557,7/14/22 22:50,7/14/22 23:00,Pending,0,0,0.249,21752,,,,
374320,A1D7IULWFI8PB1,36AHBNMV1VCI6XZCBA76INLZ1MADY3,369,7/14/22 22:54,7/14/22 23:00,Pending,0,0,0.249,70860,,,,
374320,A37S96RT1P1IT2,3X31TUMD71M4E3C1C2YLNDIU3A21L8,518,7/14/22 22:52,7/14/22 23:00,Pending,0,0,0.249,93299,,,,
374320,A3KF6O09H04SP7,3Z7VU45IP2HOJST5R3PUVSTSIJA1ZR,627,7/14/22 22:50,7/14/22 23:01,Pending,0,0,0.249,21204,,,,
374320,A11JC9IZ7WY72T,3EICBYG648WI6GYZPEBSOUOT3IOJCE,625,7/14/22 22:51,7/14/22 23:01,Pending,0,0,0.249,95810,,,,
374320,A2AFAWJX5LTUVN,32UTUBMZ7KW8N66NS3TGGYT5GKVBVK,632,7/14/22 22:51,7/14/22 23:01,Pending,0,0,0.249,26654,,,,
374320,A1R8A8BK2VN7RH,3HMVI3QICNSOE2J0VHNBHLKQCP6Y1X,503,7/14/22 22:53,7/14/22 23:01,Pending,0,0,0.249,61563,,,,
374320,A15R4L3EO5EAI9,38YMOXR4MYZFWJPXMMH4RKQR9SMW6U,512,7/14/22 22:53,7/14/22 23:02,Pending,0,0,0.249,12125,,,,
374320,A2DVV59R1CQU6T,358010RM5ITF099OXZLY5VKXZNIVXC,696,7/14/22 22:50,7/14/22 23:02,Pending,0,0,0.249,68011,,,,
374320,A3OLRWACCCCUTU,3RXCAC0YIVP63BIL0WAKPV0ULZMG81,685,7/14/22 22:50,7/14/22 23:02,Pending,0,0,0.249,38904,,,,
374320,A3UUH3632AI3ZX,3EF8EXOTT5VYJDO19HM87Y52ZLX1J6,611,7/14/22 22:52,7/14/22 23:02,Pending,0,0,0.249,24791,,,,
374320,A2QX3YJXAAHHVV,3OVHNO1VEA1IBN9H7W9PWUU17GDDZT,735,7/14/22 22:50,7/14/22 23:03,Pending,0,0,0.249,44018,,,,
374320,A2THN8O1IQIRP7,3PWWM24LHWYGOHAE1HPVNR6TBGI285,432,7/14/22 22:55,7/14/22 23:03,Pending,0,0,0.249,83256,,,,
374320,A34LSCB90T5KYE,3HYA4D452VJP3WK19VV1XJNFYKUF2Y,699,7/14/22 22:51,7/14/22 23:03,Pending,0,0,0.249,59947,,,,
374320,A13GUTDMGGZZDL,3SKEMFQBZ75B5XE4QNVZNNSNSG3K88,699,7/14/22 22:52,7/14/22 23:04,Pending,0,0,0.249,26696,,,,
374320,A1ZLLYRW6GIVC7,3AWETUDC96SZJYP3ZAA0NRAEZLLIZ0,828,7/14/22 22:50,7/14/22 23:04,Pending,0,0,0.249,74023,,,,
374320,A33Z6BHAJUGCHY,354GIDR5ZF6RAI2XRQ82BO7WVKN00X,439,7/14/22 22:57,7/14/22 23:04,Pending,0,0,0.249,47362,,,,
374320,A28A7NZUJWGZ7Q,3DUZQ9U6SQO74SNP3PFB6N35K8HSV2,689,7/14/22 22:53,7/14/22 23:04,Pending,0,0,0.249,24784,,,,
374320,A150MDVC0C92OT,3VA45EW49RNCKOFYPUEDFUMOYF71OP,886,7/14/22 22:50,7/14/22 23:05,Pending,0,0,0.249,72389,,,,
374320,A2ZSL0EDN3H4AT,3TPZPLC3M4CQFR5ERY5BSN6B64HP3M,808,7/14/22 22:51,7/14/22 23:05,Pending,0,0,0.249,90708,,,,
374320,A2GV9WSNSPX53,3CTOC39K3BQCUZ33YX3H88WF27X7J9,890,7/14/22 22:50,7/14/22 23:05,Pending,0,0,0.249,11919,,,,
374320,A2T11H7YI7QPGD,3DEL4X4ELALW434T2A8ICUORH4KYXO,964,7/14/22 22:50,7/14/22 23:06,Pending,0,0,0.249,64674,,,,
374320,A1WL3NZ50YEOWP,3L6L49WXW4X74D6Z7X1G4MT0T4C450,930,7/14/22 22:50,7/14/22 23:06,Pending,0,0,0.249,30770,,,,
374320,A19FWZXTGX663T,39LNWE0K4YWIXZVTTNBS6ZVZX36IUB,827,7/14/22 22:52,7/14/22 23:06,Pending,0,0,0.249,90316,,,,
374320,A3ORD55TVUBUGT,3MMN5BL1W34KUO81ZIDJBJCG1Z73M5,742,7/14/22 22:54,7/14/22 23:06,Pending,0,0,0.249,26149,,,,
374320,A198MSVO1VTAT5,3DUZQ9U6SQO74SNP3PFB6N35K8GVS4,986,7/14/22 22:50,7/14/22 23:06,Pending,0,0,0.249,21297,,,,
374320,A2VN8Q8X7WWIM,3IAEQB9FMIKEHS4CW9PIXQ0JQEAWDN,421,7/14/22 22:59,7/14/22 23:06,Pending,0,0,0.249,60830,,,,
374320,A2SL8R5B6QX4Q0,3WI0P0II65S99WNQXFFCARS2YZUDR0,990,7/14/22 22:50,7/14/22 23:07,Pending,0,0,0.249,39323,,,,
374320,A1T83SZBP2DN65,3A1PQ49WVLH2S7TBLHJNVLPNMTTH1H,945,7/14/22 22:51,7/14/22 23:07,Pending,0,0,0.249,57507,,,,
374320,A3EC3OP6U52JYC,3VE8AYVF8QX0PBMQPC427A0IKKNF82,676,7/14/22 22:56,7/14/22 23:07,Pending,0,0,0.249,34873,,,,
374320,A32W24TWSWXW,30OG32W0SYBTM49Y039F7P5DXE6EN6,935,7/14/22 22:51,7/14/22 23:07,Pending,0,0,0.249,85838,,,,
374320,A35TUIBF05DKM4,3AAPLD8UCGH31R5KN03X1R8IECKHTQ,966,7/14/22 22:51,7/14/22 23:07,Pending,0,0,0.249,69560,,,,
374320,A2H1QUGX0SOUMH,308XBLVESM4GUZP6JJO6F142VEIBRR,1017,7/14/22 22:51,7/14/22 23:08,Pending,0,0,0.249,23064,,,,
374320,AXGYIT1GX3YD5,3FFJ6VRIL5O2HDJDVGX8HS7SHE40IS,620,7/14/22 22:57,7/14/22 23:08,Pending,0,0,0.249,22835,,,,
374320,A28V5XY8A0R6Q5,3X3OR7WPZ30MP3WMBN702N52HG8L8C,927,7/14/22 22:52,7/14/22 23:08,Pending,0,0,0.249,54884,,,,
374320,A2MS1GQLGAX9FZ,3SBEHTYCWR3ZE8FY3O8H9K1CTRIIYA,605,7/14/22 22:58,7/14/22 23:08,Pending,0,0,0.249,79285,,,,
374320,A341XKSRZ58FJK,3X4MXAO0BKO8I2NHEAK22FHN5F1RWO,678,7/14/22 22:57,7/14/22 23:08,Pending,0,0,0.249,56326,,,,
374320,A2W121DQXNQK1,3DR23U6WE9ERHHEIXZVRGOB5MWTET8,783,7/14/22 22:55,7/14/22 23:08,Pending,0,0,0.249,87945,,,,
374320,A6KOTWP7N7RLU,3GD6L00D3WXOKLUMCEZ0NQXJ3FSM1V,1059,7/14/22 22:50,7/14/22 23:08,Pending,0,0,0.249,74703,,,,
374320,A3RR85PK3AV9TU,3Z7EFSHGNDEJ103O6IQTF3W8EG3CXV,1020,7/14/22 22:51,7/14/22 23:08,Pending,0,0,0.249,71690,,,,
374320,ARQR5NIFA1AJ,3X1FV8S5J1R4ENEY8PLUH9K2WXNVGL,962,7/14/22 22:52,7/14/22 23:08,Pending,0,0,0.249,59716,,,,
374320,A3BTK49X4ITNXJ,3GM6G9ZBKRXPT56VEXJATWGEVYJTMB,897,7/14/22 22:53,7/14/22 23:08,Pending,0,0,0.249,88066,,,,
374320,AZTYIBLLB60V8,3MYYFCXHJ775KAVJOTK78JKPJDQG4U,942,7/14/22 22:53,7/14/22 23:08,Pending,0,0,0.249,72914,,,,
374320,A2TDK0LD62WZ8Y,3EA3QWIZ4MV3XMG4TILI139XEPYTIU,1099,7/14/22 22:50,7/14/22 23:08,Pending,0,0,0.249,48626,,,,
374320,A2MCG5W6LHSRG9,308Q0PEVBCDKD77QVCG1A38LKIW9IB,1061,7/14/22 22:51,7/14/22 23:08,Pending,0,0,0.249,13447,,,,
374320,A1AKL5YH9NLD2V,3K3R2QNK8F3PMY2QPT5FT6WWEDJU94,1093,7/14/22 22:51,7/14/22 23:09,Pending,0,0,0.249,75992,,,,
374320,A1C5J40P3I65EI,33LKR6A5KIKSXGK6LB0C94SBXNOT13,989,7/14/22 22:52,7/14/22 23:09,Pending,0,0,0.249,99504,,,,
374320,A2AZYU1CT24O0K,3IUZPWIU1S7MVYAMOQB513V9AN7KWO,730,7/14/22 22:57,7/14/22 23:09,Pending,0,0,0.249,78433,,,,
374320,A25R2OI9L2Q1OW,3OB0CAO74LPZID4EX6QW980XTE2HYF,950,7/14/22 22:53,7/14/22 23:09,Pending,0,0,0.249,81658,,,,
374320,A27W025UEXS1G0,3DYGAII7PP8IMSBGP9H75VZMGWUQPP,1163,7/14/22 22:50,7/14/22 23:09,Pending,0,0,0.249,65393,,,,
374320,A18G2CLYSTENK,3P1L2B7AD5PPAVJ2I4WWZ9V2WLCOLI,1159,7/14/22 22:51,7/14/22 23:10,Pending,0,0,0.249,57408,,,,
374320,A2EPBSY0VPI38S,33SA9F9TR1UJ9YICS40238I4QQAWEF,986,7/14/22 22:54,7/14/22 23:10,Pending,0,0,0.249,70046,,,,
374320,A2GW9AEY7SJ290,39GHHAVOMJRFBCLKWZ5A5WC5B57J41,1178,7/14/22 22:50,7/14/22 23:10,Pending,0,0,0.249,63135,,,,
374320,A2137K4XEU12TI,3J88R45B2KY2VPCSBNCZZ3VFDZIPXM,1087,7/14/22 22:52,7/14/22 23:10,Pending,0,0,0.249,28276,,,,
374320,AJDXSXAWDDAEO,3WYP994K1BRJLOKX1NZSCHB7K0M6Y3,1232,7/14/22 22:50,7/14/22 23:10,Pending,0,0,0.249,90257,,,,
374320,A233LLG8YAXWF,3JZQSN0I3UAFIQS88AGQZNHG83ZFGH,1135,7/14/22 22:52,7/14/22 23:11,Pending,0,0,0.249,88538,,,,
374320,APRZ7BR8C0ZMQ,3SEPORI8WRZKDG65NMIN6TMVMDFZAC,1209,7/14/22 22:50,7/14/22 23:11,Pending,0,0,0.249,83853,,,,
374320,A6TSV1WPP3GG3,3J2UYBXQQPCMOTOCTFOJKPHN8N8603,1020,7/14/22 22:54,7/14/22 23:11,Pending,0,0,0.249,34742,,,,
374320,A1UBV2NP7OVDVV,3BXQMRHWK3Y4TILKE29KYS2GECQMUV,1193,7/14/22 22:51,7/14/22 23:11,Pending,0,0,0.249,52680,,,,
374320,A230VUDYOCRZ4N,3OCHAWUVGSK1KYFCYV7R3M9GJPCXKT,1122,7/14/22 22:53,7/14/22 23:11,Pending,0,0,0.249,80398,,,,
374320,AE63GABJL0FGJ,39OWYR0EPORF4HD82G2W6NOKDZPFYF,1160,7/14/22 22:52,7/14/22 23:12,Pending,0,0,0.249,49596,,,,
374320,A2O2Q0LVWOWJ1G,3YJ6NA41JFG10573UJXY8UN0213PJY,1201,7/14/22 22:52,7/14/22 23:12,Pending,0,0,0.249,24165,,,,
374320,A2YTQDLACTLIBA,3ZPPDN2SLZW8X254ZTQAPOATSPP9E2,1262,7/14/22 22:51,7/14/22 23:12,Pending,0,0,0.249,26486,,,,
374320,A3GEYEPOHA33SP,39LNWE0K4YWIXZVTTNBS6ZVZX36UIN,1254,7/14/22 22:51,7/14/22 23:12,Pending,0,0,0.249,58917,,,,
374320,AMDUEMZUK9GJC,3BEFOD78WAT5CKR5ZWI2LO4MFZ2M48,1281,7/14/22 22:50,7/14/22 23:12,Pending,0,0,0.249,46878,,,,
374320,AWTGJ45ZWUCHH,3L70J4KAZKMHAF19V4TQF13SYV6ADP,1233,7/14/22 22:52,7/14/22 23:12,Pending,0,0,0.249,63946,,,,
374320,A26TP4HHSINK5E,3WOKGM4L75GCDZUGTBAD1P3ETN30ON,888,7/14/22 22:58,7/14/22 23:12,Pending,0,0,0.249,22888,,,,
374320,ADY44EV3GCW85,3K9FOBBF2LJ7SAJQHPWJKKVX6B8LN1,864,7/14/22 22:58,7/14/22 23:13,Pending,0,0,0.249,28178,,,,
374320,A2MUCL20GTQJA0,3F1567XTN05XU5V98KLAJ5Z7BSD9QE,1302,7/14/22 22:51,7/14/22 23:13,Pending,0,0,0.249,97557,,,,
374320,A1UBLIWJ572DMH,333U7HK6IDFSB84DPA63806BOI1DJ9,1157,7/14/22 22:54,7/14/22 23:13,Pending,0,0,0.249,69988,,,,
374320,A3D2KVZO69GSX4,3QECW5O0KL1RLYLPMY2OCU5S93UT5M,882,7/14/22 22:58,7/14/22 23:13,Pending,0,0,0.249,45170,,,,
374320,A3CSIM8V9IYXM7,3E13VNJ1NRV2O24VRZ18VXQ2M681IU,1413,7/14/22 22:50,7/14/22 23:13,Pending,0,0,0.249,64125,,,,
374320,A2GOYSTIL3LOV1,32EYX73OY49VQYYCJA51KRWQKZPURR,1343,7/14/22 22:51,7/14/22 23:14,Pending,0,0,0.249,84266,,,,
374320,A3OV174HQJIJK8,33C7UALJVPY9ZWSIIDPHI8WOJA318M,1428,7/14/22 22:50,7/14/22 23:14,Pending,0,0,0.249,18411,,,,
374320,A2IMAGGCST8170,3OXV7EAXLIQI5LN9C262MNFUBZT63Z,909,7/14/22 22:59,7/14/22 23:14,Pending,0,0,0.249,72917,,,,
374320,A3FSDH6HUZPNQ8,3YW4XOSQKUL7XTZVLGQME0EDG1VU1V,1414,7/14/22 22:51,7/14/22 23:15,Pending,0,0,0.249,20833,,,,
374320,AUEJMX0TY8E0G,3R9WASFE23GF97NDY24FKUXMJTUFZ7,1092,7/14/22 22:57,7/14/22 23:15,Pending,0,0,0.249,20188,,,,
374320,A1SHLWKA0UH1IS,3PJUZCGDJAGRO1VDMQ4AXEE7HMT985,733,7/14/22 23:03,7/14/22 23:15,Pending,0,0,0.249,98834,,,,
374320,A1YW7H9U84E80N,3NC5L260MSM3A396WTTY4WQIZPQOFD,1316,7/14/22 22:53,7/14/22 23:15,Pending,0,0,0.249,65380,,,,
374320,A2BNOEYZ3VRW2R,3K3R2QNK8F3PMY2QPT5FT6WWEDL9UL,840,7/14/22 23:01,7/14/22 23:15,Pending,0,0,0.249,56130,,,,
374320,A5E2P5F1AXYZ1,3E1QT0TDFT9KZ2OGQKANA7DA0CEI8V,1387,7/14/22 22:52,7/14/22 23:15,Pending,0,0,0.249,20558,,,,
374320,A3KIDRWRKC7RI5,39U1BHVTDPRO7JYL8FEVXX78V723T5,1486,7/14/22 22:50,7/14/22 23:15,Pending,0,0,0.249,25088,,,,
374320,A3VO62XB3T2TLB,392CY0QWG5RJG11EEHKATVX5YQK4IC,878,7/14/22 23:01,7/14/22 23:15,Pending,0,0,0.249,28131,,,,
374320,A2NT3OQZUUZPEO,38BQUHLA9009GD1NIGXBZMARWQ2MOI,1467,7/14/22 22:51,7/14/22 23:15,Pending,0,0,0.249,46757,,,,
374320,A1VCAMP3XM62R4,3UNH76FOCW5LAR5PO3691D8TA03MYV,818,7/14/22 23:02,7/14/22 23:16,Pending,0,0,0.249,76034,,,,
374320,ADP4KXZZ72DP,323Q6SJS8MGTIMNJSGY8KNTHN3EHFK,833,7/14/22 23:02,7/14/22 23:16,Pending,0,0,0.249,39053,,,,
374320,AW5O1RK3W60FC,3LYA37P8IUNU7VCBTZF9EPIO0MOKB7,1492,7/14/22 22:51,7/14/22 23:16,Pending,0,0,0.249,65273,,,,
374320,A1L6PGLE7CIS12,3TXD01ZLD8HOPSWE8Y9OCYLGSL54UI,1571,7/14/22 22:50,7/14/22 23:16,Pending,0,0,0.249,55581,,,,
374320,A1FG2G9TZSDN,3VD82FOHKUOW7RPW5R3XWQ5F2CYOC2,1408,7/14/22 22:53,7/14/22 23:16,Pending,0,0,0.249,59773,,,,
374320,A2GMCWY993EEYE,3PZDLQMM0XLI0K0RIT50PD2C175C2N,586,7/14/22 23:07,7/14/22 23:17,Pending,0,0,0.249,49188,,,,
374320,A27GH5ITK5BMF0,3IO1LGZLKDX46ITFOJ1YD4N5RLL86T,1098,7/14/22 22:58,7/14/22 23:17,Pending,0,0,0.249,92447,,,,
374320,AIA7RZSAONU5M,36NEMU28XJDHLMAP92OLGGNDZS3WM6,658,7/14/22 23:06,7/14/22 23:17,Pending,0,0,0.249,95099,,,,
374320,A302KOFOYLD89A,3PPTZCWALUKC0WDMCIF9WT10QV2ZQK,1475,7/14/22 22:52,7/14/22 23:17,Pending,0,0,0.249,97744,,,,
374320,A2H8HVANGF4A58,3GS6S824SUXN34VPL33LTVCD4ICNWW,1129,7/14/22 22:58,7/14/22 23:17,Pending,0,0,0.249,63715,,,,
374320,A279YSE7NB16M0,3UXUOQ9OKIX1T60Z4RQ4F9TWCK67AW,623,7/14/22 23:07,7/14/22 23:17,Pending,0,0,0.249,27454,,,,
374320,A2QPMJ4GADLUW2,3DL65MZB8HFAV0C7BD01REB1YAUECQ,991,7/14/22 23:00,7/14/22 23:17,Pending,0,0,0.249,74357,,,,
374320,A3I55L67X0MWC4,3IRIK4HM3EK6ILJS5VH3FQJOHC6C63,951,7/14/22 23:01,7/14/22 23:17,Pending,0,0,0.249,61150,,,,
374320,A1BZNPQ0H7ZSER,3VELCLL3GOJIEB25QRVNS0DA6EJF1K,616,7/14/22 23:07,7/14/22 23:18,Pending,0,0,0.249,76165,,,,
374320,A2M9JNCHRKMCC4,3L4D84MIL3S9NO9FB6PTZLL9GAWJHQ,669,7/14/22 23:06,7/14/22 23:18,Pending,0,0,0.249,13636,,,,
374320,A2NVO55DO76R80,3ITXP059P0JYDXNVM01S3ZSBPLCSJJ,847,7/14/22 23:03,7/14/22 23:18,Pending,0,0,0.249,97151,,,,
374320,AZACNY1H74YWS,37TD41K0AL9B5JHPC8K6GVFGZ12CSO,1327,7/14/22 22:55,7/14/22 23:18,Pending,0,0,0.249,49873,,,,
374320,A1Z1O6MMOB3UWW,3WT783CTPFHCOX0N1MYBQ65GVDIBCO,741,7/14/22 23:06,7/14/22 23:18,Pending,0,0,0.249,81504,,,,
374320,A17J7LP55044EM,34V1S5K3GW14KNCPTB7CD0IGBR469H,736,7/14/22 23:06,7/14/22 23:18,Pending,0,0,0.249,87625,,,,
374320,A19ZWBQT8A3LIR,3KB8R4ZV1I7P59GS38UUGXQVT57BGV,625,7/14/22 23:08,7/14/22 23:18,Pending,0,0,0.249,44757,,,,
374320,A16K7X677N4WN6,3AQF3RZ55CIDLX32WX74NW4REPW6F6,1705,7/14/22 22:50,7/14/22 23:19,Pending,0,0,0.249,76930,,,,
374320,A20D9HRB03PITM,3SITXWYCNZ90RVBISIUY4JQQWV7BXR,379,7/14/22 23:12,7/14/22 23:19,Pending,0,0,0.249,14189,,,,
374320,A1LTV9MGGQCIT3,35GMH2SV3IHB4P9A1I9SME5INOBOEV,1542,7/14/22 22:53,7/14/22 23:19,Pending,0,0,0.249,89915,,,,
374320,A1XQOZV8LQDM22,3WMINLGALF375NVVV8YFVVLADVVCAS,1434,7/14/22 22:55,7/14/22 23:19,Pending,0,0,0.249,78047,,,,
374320,A3LA5P3N3KI8U7,3TR2532VITUTQZPYFNYP2UWJ7WDJ6M,601,7/14/22 23:09,7/14/22 23:19,Pending,0,0,0.249,29092,,,,
374320,A1TSD3O3C3ZUT6,3AMYWKA6YFM7RAGVV0QUAQD56QQO6D,548,7/14/22 23:10,7/14/22 23:19,Pending,0,0,0.249,82417,,,,
374320,A1CMMZ6AR7NOOH,3HHRAGRYXC5U9TITT7T6U047WRWO9M,1251,7/14/22 22:59,7/14/22 23:19,Pending,0,0,0.249,98573,,,,
374320,A3QEVFM3UD67BA,36DSNE9QZ9YJF5V2FJKJJUIASW7OJG,1775,7/14/22 22:50,7/14/22 23:20,Pending,0,0,0.249,19941,,,,
374320,A2I4PRZ9IZMKON,3QEMNNSB21ZZRD3BO1H65A12XN07DV,1784,7/14/22 22:50,7/14/22 23:20,Pending,0,0,0.249,28922,,,,
374320,A3KHSD6AHN8TWB,3YGXWBAF74HS3YFEM7OOISZALL2C4K,444,7/14/22 23:13,7/14/22 23:20,Pending,0,0,0.249,50941,,,,
374320,A1XH30W7378VUZ,3WMINLGALF375NVVV8YFVVLADVXACS,718,7/14/22 23:08,7/14/22 23:20,Pending,0,0,0.249,73468,,,,
374320,A25MZY0FNQAK5H,3TAYZSBPLP8Y71PNFFV04I6UNAQ2S6,1406,7/14/22 22:57,7/14/22 23:21,Pending,0,0,0.249,30325,,,,
374320,A2NH4DSOLI6VRR,3PQMUDRV7V6DO80TZ6MENW7O38LII5,1065,7/14/22 23:03,7/14/22 23:21,Pending,0,0,0.249,69961,,,,
374320,A5TWD5QD99GZY,3WRFBPLXREOQC6T1BJSJOY1G6PH3N5,1625,7/14/22 22:54,7/14/22 23:21,Pending,0,0,0.249,70806,,,,
374320,A2OS3NGWKOM69E,38F5OAUN5RCG3T8DAX0WWVG0PFTH7E,1483,7/14/22 22:57,7/14/22 23:21,Pending,0,0,0.249,96474,,,,
374320,A2N9U74YIPDQ9F,388U7OUMFB1FACMWL3RHVK8J4AP0RY,507,7/14/22 23:13,7/14/22 23:21,Pending,0,0,0.249,25941,,,,
374320,A3F8K7ZV8AX8UR,3FE2ERCCZ18F1GY0AWP3GQ4M1VDOPG,1841,7/14/22 22:51,7/14/22 23:21,Pending,0,0,0.249,92818,,,,
374320,A106MX66IVHW6T,3ZWFC4W1UY767G1MOLA2YRVNACDFRG,801,7/14/22 23:08,7/14/22 23:21,Pending,0,0,0.249,13266,,,,
374320,A1BM57TUNAQIXM,32RIADZISW48AF4AJTEOXX3S7OK4S2,1903,7/14/22 22:50,7/14/22 23:22,Pending,0,0,0.249,68085,,,,
374320,A1FVXS8IM5QYO8,3DPNQGW4LPF3NH6DCGBLWS70PZN64I,1951,7/14/22 22:50,7/14/22 23:22,Pending,0,0,0.249,72781,,,,
374320,A3OZ8KF0HWSVWK,3D3VGR7TA4FBR4LT4Q90XI6Q7M4R3F,1973,7/14/22 22:50,7/14/22 23:23,Pending,0,0,0.249,46607,,,,
374320,A31898LQJO7I3,3FDJT1UU788SIFV2SPOWB3IWQQ2K56,1933,7/14/22 22:51,7/14/22 23:23,Pending,0,0,0.249,46894,,,,
374320,ABLXAMHV1IQD5,39U1BHVTDPRO7JYL8FEVXX78V76T3Z,542,7/14/22 23:14,7/14/22 23:23,Pending,0,0,0.249,21693,,,,
374320,AIHHRINW9IN1I,3VD82FOHKUOW7RPW5R3XWQ5F2CXOC1,1992,7/14/22 22:50,7/14/22 23:23,Pending,0,0,0.249,75342,,,,
374320,A12X8RUSITV7RU,35GMH2SV3IHB4P9A1I9SME5INOFEOP,664,7/14/22 23:12,7/14/22 23:24,Pending,0,0,0.249,89722,,,,
374320,ACKG8OU1KHKO2,3X3OR7WPZ30MP3WMBN702N52HG88LZ,2017,7/14/22 22:50,7/14/22 23:24,Pending,0,0,0.249,50353,,,,
374320,A3RYI5HXC2MJLN,33CUSNVVNRCRAWC3HYYWXIJWXG988D,2032,7/14/22 22:50,7/14/22 23:24,Pending,0,0,0.249,49787,,,,
374320,A110KENBXU7SUJ,3EWIJTFFVS7Q18HRZX7HWD90PLVE0V,2030,7/14/22 22:50,7/14/22 23:24,Pending,0,0,0.249,20366,,,,
374320,A1W7I6FN183I8F,3E337GFOLD8R6I5P6YZ37SQPAULGNP,2044,7/14/22 22:50,7/14/22 23:24,Pending,0,0,0.249,87786,,,,
374320,AZV8213BMVMOT,351SEKWQS4HICGAYS7JVOSYSSCXDME,1491,7/14/22 22:59,7/14/22 23:24,Pending,0,0,0.249,94915,,,,
374320,AF3GG3JZCJBWN,3W2LOLRXLFFHN2T0PW1ZE4NSI8TKRM,1353,7/14/22 23:03,7/14/22 23:25,Pending,0,0,0.249,93832,,,,
374320,A1M2KOUMT605QW,3HRMW88U1AQODW94GVV09LE9YNO0M8,1667,7/14/22 22:58,7/14/22 23:25,Pending,0,0,0.249,72031,,,,
374320,AW8JVJQNLTXND,39RP059MELTPXJCEEBSPT2ASPRKBM4,1858,7/14/22 22:55,7/14/22 23:25,Pending,0,0,0.249,39344,,,,
374320,A1CTJ8UT7SF317,3V0Z7YWSI20EZT6R9A05F5Q1MEK2VB,1692,7/14/22 22:57,7/14/22 23:26,Pending,0,0,0.249,80371,,,,
374320,A33GB614ST7J82,3X08E93BHZIH24ARV440TQRELQT663,981,7/14/22 23:09,7/14/22 23:26,Pending,0,0,0.249,88568,,,,
374320,A3G0GCV9L0OYJC,3300DTYQT6HEP1MQGV1WBJ0I2PVEQV,1436,7/14/22 23:02,7/14/22 23:26,Pending,0,0,0.249,20423,,,,
374320,A2HM35CWB7IIFM,3DZQRBDBSPFNSJL6JF95NSBMTOSS39,805,7/14/22 23:13,7/14/22 23:26,Pending,0,0,0.249,46634,,,,
374320,A1MJVTR0PCKBWW,35DR22AR5HKVO075DPFSM0SE83Q3XO,2179,7/14/22 22:50,7/14/22 23:26,Pending,0,0,0.249,23130,,,,
374320,A2OO4PG3LBLP5I,3YOH7BII0D79G9AHYG69F1CV3E7VKR,1000,7/14/22 23:10,7/14/22 23:27,Pending,0,0,0.249,23468,,,,
374320,A1FKRZKU1H9YFC,37W3JXSD6A8HF3Z3S5CWABAK82EYWV,2194,7/14/22 22:50,7/14/22 23:27,Pending,0,0,0.249,92365,,,,
374320,AG6WV3WODQ7IN,3G5W44VEUBIQYCKM9L7NF09LGZLGKP,446,7/14/22 23:20,7/14/22 23:27,Pending,0,0,0.249,69125,,,,
374320,A3LT7W355XOAKF,39GXDJN2OXEPL88GPR96PW348EA8VI,1947,7/14/22 22:55,7/14/22 23:28,Pending,0,0,0.249,75735,,,,
374320,AA9V4NE8SOA4I,3QFUFYSY92FZ6AZOD9EPQYKDIYU4FN,997,7/14/22 23:11,7/14/22 23:28,Pending,0,0,0.249,36778,,,,
374320,A314XJY8V1YL12,3AUQQEL7U9T73J3DUNWRWHXMPG0V0K,1483,7/14/22 23:03,7/14/22 23:28,Pending,0,0,0.249,34035,,,,
374320,AKMOBFEEKW378,3KJYX6QCMDBE5P4ZGV6XEMCIOP4JVD,2235,7/14/22 22:51,7/14/22 23:28,Pending,0,0,0.249,83742,,,,
374320,A2TLN8489YGY81,3NQL1CS15V840EZY2V70O9R61TFVYL,1434,7/14/22 23:04,7/14/22 23:28,Pending,0,0,0.249,54339,,,,
374320,AZZA3J049G7R5,3WS1NTTKE2CI7MHNU8RNEVU01MC0F1,1864,7/14/22 22:57,7/14/22 23:28,Pending,0,0,0.249,73935,,,,
374320,A3W1CKM4PBLRC0,3LJ7UR74RLDBU2C5BXX2Y3TMKPGN4D,916,7/14/22 23:13,7/14/22 23:28,Pending,0,0,0.249,14549,,,,
374320,A3GVUYY3TWRPZT,3SKRO2GZ75RTUXUJR2MK8D5FEA01K8,1339,7/14/22 23:07,7/14/22 23:29,Pending,0,0,0.249,25645,,,,
374320,AA402T4YY1S7N,3RUIQRXJBFOH4AG55CG47SR81GBLL2,844,7/14/22 23:15,7/14/22 23:29,Pending,0,0,0.249,76497,,,,
374320,A2IFXO71MXB9GK,3TDXMTX3CFUXVO5SX5DPQTHJUHRI6C,1192,7/14/22 23:09,7/14/22 23:29,Pending,0,0,0.249,47330,,,,
374320,AOAZMLP27GD81,3L4PIM1GQXGC77IHTB2QNC23GNZYRS,2365,7/14/22 22:50,7/14/22 23:29,Pending,0,0,0.249,56504,,,,
374320,A2JP9IKRHNLRPI,3G5W44VEUBIQYCKM9L7NF09LGZGGKK,2381,7/14/22 22:50,7/14/22 23:30,Pending,0,0,0.249,99408,,,,
374320,AW0K78T4I2T72,3VW6495TLN0L48U376UKV8V0JAEYYU,2345,7/14/22 22:51,7/14/22 23:30,Pending,0,0,0.249,93931,,,,
374320,AJQGWGESKQT4Y,3I02618YA46AELIX6I1CFWWBJH6UP4,590,7/14/22 23:20,7/14/22 23:30,Pending,0,0,0.249,26076,,,,
374320,A2IP3ZAFYGV8M9,3VHHR074H7HIPPR31IFUON976W2L7P,2253,7/14/22 22:52,7/14/22 23:30,Pending,0,0,0.249,61787,,,,
374320,A1O0BGHFTMPQM0,3WYP994K1BRJLOKX1NZSCHB7K0NY6W,1931,7/14/22 22:58,7/14/22 23:30,Pending,0,0,0.249,56354,,,,
374320,A3MVVJHNQESGP4,37TRT2X24URZWB6TBEFXDAIBLXQJB9,1779,7/14/22 23:01,7/14/22 23:30,Pending,0,0,0.249,28209,,,,
374320,A1SISJL5ST2PWH,3FE7TXL1LMNMULAANB6V9IRT5M3Q23,2303,7/14/22 22:52,7/14/22 23:30,Pending,0,0,0.249,87029,,,,
374320,A3EEGNK5UKN9KE,3YHH42UU5FF47ERJGJUL98ZKYI0L0T,1006,7/14/22 23:14,7/14/22 23:31,Pending,0,0,0.249,79592,,,,
374320,A224EAEEF6Q17H,3KMS4QQVK6QKKCORY115XF99FKLKFU,788,7/14/22 23:18,7/14/22 23:31,Pending,0,0,0.249,59711,,,,
374320,A36N9D8OG0VZG9,3P529IW9K2LV4I69J1D6CFMO4KPLFX,984,7/14/22 23:15,7/14/22 23:31,Pending,0,0,0.249,87476,,,,
374320,A16Q3MHTM4E825,3ATPCQ38JCAK8QW0R0G4SMDTGJCAYX,2186,7/14/22 22:55,7/14/22 23:32,Pending,0,0,0.249,82667,,,,
374320,A5NE8TWS8ZV7B,3ATTHHXXWEOAE3POYSMFQ6U3RLNIX3,2492,7/14/22 22:50,7/14/22 23:32,Pending,0,0,0.249,83928,,,,
374320,A2XVLENAJYX691,3OLQQLKKNWPX3EIDL5HNEIOWOU4JEA,1518,7/14/22 23:06,7/14/22 23:32,Pending,0,0,0.249,24224,,,,
374320,A2UTDZAZV1DF0N,34HJIJKLP9WO27LEDOJT8KNZ6SEV4Y,2396,7/14/22 22:52,7/14/22 23:32,Pending,0,0,0.249,90840,,,,
374320,A25AYMSZNDW1VJ,3X87C8JFVABFZKR8HQL1004X3G2SQ8,2385,7/14/22 22:52,7/14/22 23:32,Pending,0,0,0.249,58313,,,,
374320,A2A5HAPJD18TRU,37WLF8U1WTQO1JVGX8Y139WWMLJK6S,448,7/14/22 23:25,7/14/22 23:32,Pending,0,0,0.249,13811,,,,
374320,A3MELYYGRJ61SX,3NS0A6KXC88LN7J89MAX2FXYK8WGZ9,1519,7/14/22 23:07,7/14/22 23:32,Pending,0,0,0.249,93805,,,,
374320,A1BIJGB7XA0GME,3CCZ6YKWRBJ81JCBOSX7LU4GFWU955,1269,7/14/22 23:11,7/14/22 23:32,Pending,0,0,0.249,32537,,,,
374320,A3HVFSD8K94SOR,3IQ1VMJRYXK57POSJOOOT5K27AU9AA,1559,7/14/22 23:07,7/14/22 23:33,Pending,0,0,0.249,91704,,,,
374320,A312HQ3OU0EYTB,3SLE99ER0RDPWQBXT0IJ14614V4ZBB,1303,7/14/22 23:11,7/14/22 23:33,Pending,0,0,0.249,79833,,,,
374320,ALF9AAZGQP4K5,3UXUOQ9OKIX1T60Z4RQ4F9TWCK9A72,567,7/14/22 23:24,7/14/22 23:33,Pending,0,0,0.249,13152,,,,
374320,A3EUH97BRHRSI6,37Q970SNZI8RIG7RWBVMZZWPV4A1SM,2565,7/14/22 22:50,7/14/22 23:33,Pending,0,0,0.249,48638,,,,
374320,A2H2LO1OOF8R5N,3Y5140Z9D1G55UNXC1CYWT80PMGIPH,1781,7/14/22 23:04,7/14/22 23:33,Pending,0,0,0.249,74732,,,,
374320,A2QCQGZD7T1QNL,3A4TN5196OIMFA391E87CH8EQQPCH7,947,7/14/22 23:18,7/14/22 23:33,Pending,0,0,0.249,78840,,,,
374320,A25PFSORDO3SWQ,33L7PJKHCKYA8G4RKW9ROEFJBTXT8Q,1379,7/14/22 23:11,7/14/22 23:34,Pending,0,0,0.249,52678,,,,
374320,AFM65NU0UXIGP,3Z2R0DQ0JLEXXIK5EKBVF12FMJL2E9,679,7/14/22 23:23,7/14/22 23:35,Pending,0,0,0.249,48842,,,,
374320,A16UAN46CNIRHY,30IQTZXKAO6Z7888U2X9K2U75R80XS,2189,7/14/22 22:58,7/14/22 23:35,Pending,0,0,0.249,43250,,,,
374320,A3G9I6N1DPYMTU,3VW04L3ZLX674YEJXEMGTGHIFYUXXL,1568,7/14/22 23:10,7/14/22 23:36,Pending,0,0,0.249,20192,,,,
374320,A1WB6RPYK8VPLK,39N5ACM9HINCUTUU876LJ09X6WWP98,1069,7/14/22 23:19,7/14/22 23:37,Pending,0,0,0.249,29338,,,,
374320,A49MD40UT6ABO,30X31N5D67QNC4KRSUOFA0PSZYGASJ,2700,7/14/22 22:53,7/14/22 23:38,Pending,0,0,0.249,90451,,,,
374320,ANCCKNF1DKRZO,3TDXMTX3CFUXVO5SX5DPQTHJUHP6IY,2578,7/14/22 22:55,7/14/22 23:38,Pending,0,0,0.249,50323,,,,
374320,AGILQEFEPEK7N,3CFVK00FWPLZLPDYI8A2I99BBLI6LB,2861,7/14/22 22:50,7/14/22 23:38,Pending,0,0,0.249,84407,,,,
374320,A28RR7H7BMA8IW,3WEV0KO0OQSLABN3C4FH01XYK1DDSO,1414,7/14/22 23:15,7/14/22 23:38,Pending,0,0,0.249,17279,,,,
374320,AV7A20KYBTQHL,35USIKEBNVGP9PGJULQHV1D0GGON60,810,7/14/22 23:25,7/14/22 23:39,Pending,0,0,0.249,78428,,,,
374320,AVKMFV9CZ0MLR,3O7L7BFSHIP183Y73NWN2H9WBFIIE0,752,7/14/22 23:26,7/14/22 23:39,Pending,0,0,0.249,63778,,,,
374320,A26RO8GGTQAXGG,3YMU66OBIR8ZWMJE304Q28TTOIGGHK,1421,7/14/22 23:15,7/14/22 23:39,Pending,0,0,0.249,68931,,,,
374320,A1N8TKTLXV92QR,3PJUZCGDJAGRO1VDMQ4AXEE7HMX898,907,7/14/22 23:24,7/14/22 23:39,Pending,0,0,0.249,53699,,,,
374320,A2SWQM5X54P1O5,3BWI6RSP7K94JJHBKWSQBSJNXZ17EO,3012,7/14/22 22:50,7/14/22 23:40,Pending,0,0,0.249,61543,,,,
374320,AP9WIQ4P78XLH,3ZY8KE4ISN3VRC8CBLQ6BNO42K1QVG,1087,7/14/22 23:22,7/14/22 23:41,Pending,0,0,0.249,12057,,,,
374320,A1K8QNLYYYX21W,3FTOP5WARJOYCO3JDYI8TTMSUTRJ0L,3064,7/14/22 22:50,7/14/22 23:41,Pending,0,0,0.249,91489,,,,
374320,A1ATL3G98SFW4V,3QXNC7EIPMV96CQARMRV4Z8PYOM90N,771,7/14/22 23:29,7/14/22 23:42,Pending,0,0,0.249,87364,,,,
374320,A2QXNIG0GVVXLG,3PM8NZGV82GNV1D7B0ROZ8LPIVAXQR,956,7/14/22 23:26,7/14/22 23:42,Pending,0,0,0.249,22227,,,,
374320,A1AZ97YYFVWFGC,3JAOYWH7VM4M38FWGFDE2J0D1MPL90,3153,7/14/22 22:50,7/14/22 23:42,Pending,0,0,0.249,90888,,,,
374320,A3HSONMX6LNZR4,33UKMF931DKT60WFNUKMFAB6P6LTTI,965,7/14/22 23:27,7/14/22 23:43,Pending,0,0,0.249,97351,,,,
374320,A2WNTI69VVVWMZ,3OVR4I9USTJWXZPXRPPJ2XORP024QG,2132,7/14/22 23:08,7/14/22 23:43,Pending,0,0,0.249,30341,,,,
374320,A3LL096CAY5WHB,3OSWBBLG1IXT6S926EL4Z9EQZGFDXW,3244,7/14/22 22:50,7/14/22 23:44,Pending,0,0,0.249,92669,,,,
374320,A3ITZNJQUTIZ4C,3FDJT1UU788SIFV2SPOWB3IWQQ6K5A,1879,7/14/22 23:13,7/14/22 23:44,Pending,0,0,0.249,17949,,,,
374320,A1AIMKA54UBYIQ,3IHR8NYAMB1BXNOIRCAU2SYHK4I4PR,1648,7/14/22 23:17,7/14/22 23:45,Pending,0,0,0.249,98619,,,,
374320,A1XA9UHYMZWUGV,3NGMS9VZTPI94QWDXQA8H2H47O3FFM,1890,7/14/22 23:14,7/14/22 23:45,Pending,0,0,0.249,78492,,,,
374320,A1NCWY01WAAP2K,308Q0PEVBCDKD77QVCG1A38LKIXI9L,2907,7/14/22 22:57,7/14/22 23:46,Pending,0,0,0.249,60176,,,,
374320,A1I7H6RDJS4EKN,3ZAZR5XV05I86V3370EECOCJMG1CZS,3271,7/14/22 22:51,7/14/22 23:46,Pending,0,0,0.249,42900,,,,
374320,ASNMT3I94HZ44,3TS1AR6UQUEWPXH7F7CWTA4N90M7FC,1376,7/14/22 23:23,7/14/22 23:46,Pending,0,0,0.249,10554,,,,
374320,A277V4SHQB8JRS,3A1PQ49WVLH2S7TBLHJNVLPNMTZH1N,1303,7/14/22 23:24,7/14/22 23:46,Pending,0,0,0.249,66380,,,,
374320,A2EJ7U3TZAKROG,3OUYGIZWRBYUYZ6H8BNSQP843SZ0P4,2870,7/14/22 22:58,7/14/22 23:46,Pending,0,0,0.249,22265,,,,
374320,A1IZ4NX41GKU4X,379J5II41SG3Y46DOQT0UX1OSJ6LEB,3238,7/14/22 22:52,7/14/22 23:46,Pending,0,0,0.249,94797,,,,
374320,ACGGIBC0P38HU,3Z4XG4ZF4CRHPXDBP6AODH0POPO8XR,1519,7/14/22 23:22,7/14/22 23:47,Pending,0,0,0.249,16632,,,,
374320,A104HK5ONFNJJT,38JBBYETQSA70WZSIYUJ8GZD6XJ4E9,816,7/14/22 23:34,7/14/22 23:47,Pending,0,0,0.249,40345,,,,
374320,A2MI6AUNBXGL47,3VHP9MDGRRK21EC36OK79WW1ABDCFA,1443,7/14/22 23:23,7/14/22 23:47,Pending,0,0,0.249,48658,,,,
374320,A2I37S7GQR6X1H,3BDCF01OG1U149N4OR5U10T4AVAYL2,3457,7/14/22 22:50,7/14/22 23:47,Pending,0,0,0.249,86682,,,,
374320,AQ2SB9NTVK8NZ,3NAPMVF0Z0FCO35VRCXP9RAY0WJ27P,808,7/14/22 23:34,7/14/22 23:48,Pending,0,0,0.249,89464,,,,
374320,A3HNEYFOIJWPH1,3FTF2T8WLVI2E2RVKTKGBUHTZTTW94,3460,7/14/22 22:50,7/14/22 23:48,Pending,0,0,0.249,72787,,,,
374320,APO6KZZ79PO9Q,3QHK8ZVMIQI5R1UTEZRATPV3PMTBL1,3474,7/14/22 22:50,7/14/22 23:48,Pending,0,0,0.249,49123,,,,
374320,A2B2HQHFBYLTXU,3FUI0JHJP1YJ820RT084FK3A18Q33P,3280,7/14/22 22:53,7/14/22 23:48,Pending,0,0,0.249,33042,,,,
374320,A2ELXYKRPPGRPB,3YGXWBAF74HS3YFEM7OOISZALLY4C8,3463,7/14/22 22:50,7/14/22 23:48,Pending,0,0,0.249,85869,,,,
374320,A10O6Q0JU58JIJ,3OF2M9AATKOQPTFRZDVC07PRRPGZKY,1199,7/14/22 23:29,7/14/22 23:49,Pending,0,0,0.249,80975,,,,
374320,A3QUWIT972BYUH,37UEWGM5HX8FH17EHMVH9PRT92ZR1W,610,7/14/22 23:39,7/14/22 23:49,Pending,0,0,0.249,19219,,,,
374320,APVJEN2541WFB,337RC3OW092K0FSZJGIAU1PASEFLVN,1306,7/14/22 23:27,7/14/22 23:49,Pending,0,0,0.249,80871,,,,
374320,A1UY2W2FL9CWN,3SUWZRL0M2DLFJ361MNY5EJR2OM6ET,1947,7/14/22 23:17,7/14/22 23:49,Pending,0,0,0.249,14323,,,,
374320,AFRJKS3Z3H4CA,3JNQLM5FT8MB3OUXV6YZSWSZVGL2LV,1893,7/14/22 23:18,7/14/22 23:50,Pending,0,0,0.249,19084,,,,
374320,A1GTYHV8OYQQLV,3ZAZR5XV05I86V3370EECOCJMG8CZZ,1178,7/14/22 23:30,7/14/22 23:50,Pending,0,0,0.249,66468,,,,
374320,A2POU9TTW177VH,3SPJ0334253V9JZ4L6THLLGC66DYJ8,992,7/14/22 23:33,7/14/22 23:50,Pending,0,0,0.249,21855,,,,
374320,A2OROMUVBD1NVC,3A1COHJ8NNVK37DWK2S2AVCV0Z78H0,795,7/14/22 23:37,7/14/22 23:50,Pending,0,0,0.249,75614,,,,
374320,AXPZAP62ZYWP8,3WI0P0II65S99WNQXFFCARS2YZ2RDM,621,7/14/22 23:40,7/14/22 23:50,Pending,0,0,0.249,72348,,,,
374320,A3DUPRZSMU9W5R,3YMU66OBIR8ZWMJE304Q28TTOIKGHO,780,7/14/22 23:38,7/14/22 23:51,Pending,0,0,0.249,12618,,,,
374320,A1ROEDVMTO9Y3X,3OHYZ19UGG58ECSYLD76QVFR29DAOM,3663,7/14/22 22:50,7/14/22 23:51,Submitted To CloudResearch but not Amazon,0,0,0.249,29939,,,,
374320,A2TXC8Q2IFGRXH,3BEFOD78WAT5CKR5ZWI2LO4MFZB4MZ,594,7/14/22 23:42,7/14/22 23:51,Pending,0,0,0.249,18386,,,,
374320,A4LIJVRU6DG61,3ZY8KE4ISN3VRC8CBLQ6BNO42K3QVI,1273,7/14/22 23:32,7/14/22 23:53,Pending,0,0,0.249,22375,,,,
374320,A3VDG4N48AVYGQ,3SNLUL3WO8NKN03ZEQ85YFNRE78UL9,760,7/14/22 23:41,7/14/22 23:53,Pending,0,0,0.249,53623,,,,
374320,AFRKVRPZ2RHY8,3JZQSN0I3UAFIQS88AGQZNHG837FGP,1072,7/14/22 23:36,7/14/22 23:54,Pending,0,0,0.249,37176,,,,
374320,A37T1MVUL5YIC0,3CTOC39K3BQCUZ33YX3H88WF2747JG,1544,7/14/22 23:29,7/14/22 23:55,Pending,0,0,0.249,43800,,,,
374320,A1T8EFHGSEE3RD,3IGI0VL64BKFYVMNUHCBC1ZR1GHONP,1997,7/14/22 23:22,7/14/22 23:55,Pending,0,0,0.249,68288,,,,
374320,A120PN22KW0VPY,3WZ36BJEV7GTAE2YN8T1FG5KJZMTBT,1458,7/14/22 23:32,7/14/22 23:57,Pending,0,0,0.249,16119,,,,
374320,AJQ71YIGY01HZ,3PH3VY7DJPXHKT98OREFOIJMEWQZWV,1333,7/14/22 23:35,7/14/22 23:57,Pending,0,0,0.249,81101,,,,
374320,AQTJFPB37TML0,3FTOP5WARJOYCO3JDYI8TTMSUT00JB,1160,7/14/22 23:38,7/14/22 23:57,Pending,0,0,0.249,42688,,,,
374320,A2AAFWAAS9C1QC,3I7DHKZYGR0H2T3OREXZVQQRIUS5FW,1663,7/14/22 23:30,7/14/22 23:57,Pending,0,0,0.249,93815,,,,
374320,ANBWJZYU2A68T,3VELCLL3GOJIEB25QRVNS0DA6ENF1O,1759,7/14/22 23:29,7/14/22 23:58,Pending,0,0,0.249,53263,,,,
374320,A1PBFDQR599N3K,3WEV0KO0OQSLABN3C4FH01XYK1HDSS,2622,7/14/22 23:14,7/14/22 23:58,Pending,0,0,0.249,22118,,,,
374320,A1Y25W1Y7KDE5,3ZV9H2YQQH7GZ02F3KJ6KHE7Z1U3W5,705,7/14/22 23:47,7/14/22 23:59,Pending,0,0,0.249,52700,,,,
374320,A10249252O9I20MRSOBVF,3XIQGXAUMG8DPJ8SF1IIZH4UD5M7X7,687,7/14/22 23:49,7/15/22 0:01,Pending,0,0,0.249,45108,,,,
374320,A23FK9ROU0IU4D,3H7Z272LXB77VVV3X49BO90S6QGLP4,1365,7/14/22 23:38,7/15/22 0:01,Pending,0,0,0.249,46530,,,,
374320,A2G43KS55YGYQE,3TE22NPXPFCP8U2ZTSI6ZUNMT8R445,831,7/14/22 23:47,7/15/22 0:01,Pending,0,0,0.249,44814,,,,
374320,A14HW0XMI4R2ON,3NGI5ARFTX5U5ORZ4URS4URE8KBP12,1300,7/14/22 23:40,7/15/22 0:02,Pending,0,0,0.249,75131,,,,
374320,A23RL1X2KB6Q34,3RRCEFRB7QC9TTN887ST78TS3064B9,1694,7/14/22 23:34,7/15/22 0:02,Pending,0,0,0.249,49136,,,,
374320,A3T8THFPERMABH,3Z4XG4ZF4CRHPXDBP6AODH0POPS8XV,875,7/14/22 23:48,7/15/22 0:02,Pending,0,0,0.249,23015,,,,
374320,A1G34TESSXG1R8,3DIP6YHAPGS8JXMUU1KWPSFI8JHE8S,620,7/14/22 23:52,7/15/22 0:03,Pending,0,0,0.249,88623,,,,
374320,A2F5QCUTZU7KF7,352YTHGROZDJK6QU8Z2PTJWQYD74HL,3118,7/14/22 23:11,7/15/22 0:03,Pending,0,0,0.249,63335,,,,
374320,A13WTEQ06V3B6D,3F6KKYWMNF1OUYVY48YV17NSX28NDP,3267,7/14/22 23:09,7/15/22 0:03,Pending,0,0,0.249,61995,,,,
374320,A1TXCO12MCTP8P,3HL8HNGX49103G50U4AG76VT4QEF90,838,7/14/22 23:50,7/15/22 0:04,Pending,0,0,0.249,99491,,,,
374320,A1CUDX7TTS2W61,358UUM7WR33TSNMG62CQAZI6CO27RC,371,7/14/22 23:58,7/15/22 0:04,Pending,0,0,0.249,84542,,,,
374320,A770OB1ZAGJ4G,3A0EX8ZRNCOPR01SXEG0NXXZY17YBQ,737,7/14/22 23:52,7/15/22 0:05,Pending,0,0,0.249,57334,,,,
374320,A3KH1OG87C8DCM,3ERET4BTVQ9BJ2XEVF1DNJNYCMVK97,990,7/14/22 23:49,7/15/22 0:06,Pending,0,0,0.249,26277,,,,
374320,A3QNCW3LR2AVOV,3483FV8BEIJTK3RQ82SX3DA25LR26I,934,7/14/22 23:50,7/15/22 0:06,Pending,0,0,0.249,50516,,,,
374320,A25BRCS2JF0P0A,37TD41K0AL9B5JHPC8K6GVFGZ1BSCD,698,7/14/22 23:54,7/15/22 0:06,Pending,0,0,0.249,75157,,,,
374320,A2AS2Z9P0VV2NP,36PW28KO43WM2LF9RZ4ALJLDY7CEAR,3081,7/14/22 23:16,7/15/22 0:07,Pending,0,0,0.249,40352,,,,
374320,A3UC9N3EEE6733,3K4J6M3CXITKMZB0XUUYLM6PBNUAG7,2133,7/14/22 23:35,7/15/22 0:11,Pending,0,0,0.249,93199,,,,
374320,AMW808FJZ6E54,3VBEN272MOZOMVXUEUGP6M0VXTZSGJ,2741,7/14/22 23:25,7/15/22 0:11,Pending,0,0,0.249,48511,,,,
374320,A25FJAJGTWFMP,35GMH2SV3IHB4P9A1I9SME5INOKEOU,1810,7/14/22 23:41,7/15/22 0:11,Pending,0,0,0.249,75557,,,,
374320,A3I0ITCG0HKFFZ,3DR23U6WE9ERHHEIXZVRGOB5MW4TEY,476,7/15/22 0:04,7/15/22 0:12,Pending,0,0,0.249,28260,,,,
374320,A3ISRZC9K01AMZ,3F0BG9B9MTN2POY2KX4KIVB3FBH7YE,974,7/14/22 23:56,7/15/22 0:12,Pending,0,0,0.249,26621,,,,
374320,A1EIVUU0RIGPFT,3A0EX8ZRNCOPR01SXEG0NXXZY18YBR,951,7/14/22 23:59,7/15/22 0:14,Pending,0,0,0.249,38711,,,,
374320,AD4ALUT6LXXBU,3S06PH7KSV4LGRO9ZL0X40APU1AD1E,1499,7/14/22 23:50,7/15/22 0:15,Pending,0,0,0.249,87242,,,,
374320,A30UPXL0E3RY9I,3K4J6M3CXITKMZB0XUUYLM6PBNYGAH,703,7/15/22 0:03,7/15/22 0:15,Pending,0,0,0.249,51114,,,,
374320,A3BUWQ5C39GRQC,3L70J4KAZKMHAF19V4TQF13SYVHAD0,1217,7/14/22 23:55,7/15/22 0:15,Pending,0,0,0.249,17257,,,,
374320,A2XHD64QUKA5Z6,3OB0CAO74LPZID4EX6QW980XTEFHYS,436,7/15/22 0:08,7/15/22 0:16,Pending,0,0,0.249,47344,,,,
374320,A10AVWALIHR4UQ,3B1NLC6UG3WR93H2MDCVBHVKA9VGPU,1838,7/14/22 23:45,7/15/22 0:16,Pending,0,0,0.249,94406,,,,
374320,A53S7J4JGWG38,3F6KKYWMNF1OUYVY48YV17NSX2FNDW,1704,7/14/22 23:51,7/15/22 0:19,Pending,0,0,0.249,58340,,,,
374320,AUVWQ8YDHY3MX,3QY7M81QHBM75J9LGI3T9NWSHWB7KM,370,7/15/22 0:15,7/15/22 0:21,Pending,0,0,0.249,27645,,,,
374320,AVD6HMIO1HLFI,35K3O9HUAFDHYCWH2FQ2ZKW4VNWFEC,1165,7/15/22 0:02,7/15/22 0:22,Pending,0,0,0.249,85315,,,,
374320,A1G98ADVAQS6FL,3IAEQB9FMIKEHS4CW9PIXQ0JQEMDWG,874,7/15/22 0:11,7/15/22 0:26,Pending,0,0,0.249,61459,,,,
374320,A2L2E6J3D23CN4,3II4UPYCON79XV8QK0QC51IX2D6DQD,737,7/15/22 0:16,7/15/22 0:29,Pending,0,0,0.249,63616,,,,
374320,A2J1A9GE02VQHR,3HHRAGRYXC5U9TITT7T6U047WR8O9Y,1319,7/15/22 0:10,7/15/22 0:32,Pending,0,0,0.249,38351,,,,
374320,A394JO4NEPCY3M,39GAF6DQWV07A8OVQ60RAMGWU8I1V5,1142,7/15/22 0:14,7/15/22 0:33,Pending,0,0,0.249,79644,,,,
374320,A2F1AA15HG0FRU,3MMN5BL1W34KUO81ZIDJBJCG1ZFM3W,2915,7/14/22 23:46,7/15/22 0:35,Pending,0,0,0.249,55490,,,,
374320,A1P3HHEXWNLJMP,3M81GAB8A4JGIYA664Z6ABUXZSRBQ1,2288,7/14/22 23:58,7/15/22 0:36,Pending,0,0,0.249,80461,,,,
374320,A3IB7YJHP04OHI,3UXUOQ9OKIX1T60Z4RQ4F9TWCKI7A8,814,7/15/22 0:23,7/15/22 0:36,Pending,0,0,0.249,70945,,,,
374320,A1ERMRNNR0CZ2Y,3Z2R0DQ0JLEXXIK5EKBVF12FMJSE2S,1525,7/15/22 0:12,7/15/22 0:37,Pending,0,0,0.249,84986,,,,
374320,A3URLNXHLP4ARU,3SNVL38CI8SDH04H7ZB4P9O6I7ZKCP,2634,7/14/22 23:55,7/15/22 0:39,Pending,0,0,0.249,68142,,,,
374320,A3BUAODQX3WEZU,3LEP4MGT3K0MTP611ITMACNYGD6DB2,1024,7/15/22 0:24,7/15/22 0:42,Pending,0,0,0.249,65586,,,,
374320,AXO22N46CSNVT,3T3IWE1XGANGEK4N6QQRA50J5ZVTQD,1015,7/15/22 0:25,7/15/22 0:42,Pending,0,0,0.249,25108,,,,
374320,A1DKVUTOBPQH11,39JEC7537Y1RXBYT63PBRIZNY59CV6,2017,7/15/22 0:14,7/15/22 0:48,Pending,0,0,0.249,71864,,,,
374320,A32VLTWRJ1EP5T,3W2LOLRXLFFHN2T0PW1ZE4NSI84KRX,2513,7/15/22 0:09,7/15/22 0:50,Pending,0,0,0.249,70994,,,,
374320,A2U3723LKNMHAI,3B1NLC6UG3WR93H2MDCVBHVKA91PG9,1496,7/15/22 0:27,7/15/22 0:52,Pending,0,0,0.249,55776,,,,
374320,A1BPHW0KCTG34P,3TVSS0C0E50LYH09IZPX2UI5T0DWTL,949,7/15/22 0:36,7/15/22 0:52,Pending,0,0,0.249,86847,,,,
374320,AK2YUQUFZN1L6,3VHHR074H7HIPPR31IFUON976WJL76,731,7/15/22 0:41,7/15/22 0:53,Pending,0,0,0.249,81264,,,,
374320,A1CFMY4CEYOM8Y,3LRKMWOKB9HV8DB1A7P80B3XAP42ZP,1337,7/15/22 0:31,7/15/22 0:53,Pending,0,0,0.249,10259,,,,
374320,A1N53V41FMCR7Q,3IKZ72A5B8GLSI9UVETLP7QD9F2FN6,831,7/15/22 0:42,7/15/22 0:56,Pending,0,0,0.249,27768,,,,
374320,A37XBH865833FE,3YT88D1N0CYP408YE603W6KCCUT3KH,426,7/15/22 0:50,7/15/22 0:57,Pending,0,0,0.249,12139,,,,
374320,AQOXSP4W3ITSW,3R2PKQ87N08ZKRQKKLK6FPE5KHLIM1,903,7/15/22 0:48,7/15/22 1:04,Pending,0,0,0.249,15851,,,,
374320,AVCOBHDVXZOZL,34V1S5K3GW14KNCPTB7CD0IGBRK960,731,7/15/22 0:56,7/15/22 1:08,Pending,0,0,0.249,85265,,,,
374320,A20TOOYZRH6KUZ,3STRJBFXO0RU3H6STL6UEJOA6T6KTF,925,7/15/22 0:53,7/15/22 1:08,Pending,0,0,0.249,70197,,,,
374320,A30X66H0RILXAH,3PZDLQMM0XLI0K0RIT50PD2C17JC21,1676,7/15/22 0:42,7/15/22 1:10,Pending,0,0,0.249,34754,,,,
374320,A5TI9UQEPLNWI,3ZPPDN2SLZW8X254ZTQAPOATSP89EL,864,7/15/22 0:56,7/15/22 1:11,Pending,0,0,0.249,24458,,,,
374320,A1CFPKUOCGJIM6,3KYQYYSHYZ76CJVA5NY8GWNXNCTDOA,958,7/15/22 0:56,7/15/22 1:12,Pending,0,0,0.249,19393,,,,
374320,AEXA1CPBHT85H,3OSWBBLG1IXT6S926EL4Z9EQZGYDXF,1000,7/15/22 0:56,7/15/22 1:13,Pending,0,0,0.249,34983,,,,
374320,A2ONILC0LZKG6Y,386PBUZZXJXB9KS52R4RRDEGXRLLJF,945,7/15/22 0:59,7/15/22 1:14,Pending,0,0,0.249,78549,,,,
374320,AQ2U4H38MELRY,3I2PTA7R3XUHB1E0CHCZ9EDNMM8QK8,710,7/15/22 1:04,7/15/22 1:16,Pending,0,0,0.249,84899,,,,
374320,A2NKW6JBEM4LL4,3HHRAGRYXC5U9TITT7T6U047WRDO93,2176,7/15/22 0:50,7/15/22 1:26,Pending,0,0,0.249,93735,,,,
374320,ANFWGSQ8BQRZ,3SLE99ER0RDPWQBXT0IJ14614VLZBS,1067,7/15/22 1:11,7/15/22 1:29,Pending,0,0,0.249,30829,,,,
374320,AKNYT1NTK2UFK,3EWIJTFFVS7Q18HRZX7HWD90PLCE0C,2856,7/15/22 0:41,7/15/22 1:29,Pending,0,0,0.249,68728,,,,
374320,A1MO35UIZFW1BR,3Y54SXRO1PL86DB4NZAWK6X88L7TUQ,713,7/15/22 1:18,7/15/22 1:30,Pending,0,0,0.249,24963,,,,
374320,A1S8KMGKJACGVO,3ZY8KE4ISN3VRC8CBLQ6BNO42KFVQZ,1590,7/15/22 1:03,7/15/22 1:30,Pending,0,0,0.249,72070,,,,
374320,A1FGKIKJYSL1MI,3DHE4R9OC0BVHWGWKF1JF4NRZ0F2G7,1094,7/15/22 1:12,7/15/22 1:31,Pending,0,0,0.249,62698,,,,
374320,AT6LDQNLKTUSE,39GXDJN2OXEPL88GPR96PW348EU8V2,1855,7/15/22 1:07,7/15/22 1:38,Pending,0,0,0.249,35853,,,,
374320,A183WYXN12P2TJ,39GXDJN2OXEPL88GPR96PW348ETV8O,2494,7/15/22 1:02,7/15/22 1:44,Pending,0,0,0.249,27081,,,,
374320,A1FS8SBR4SDWYG,3MMN5BL1W34KUO81ZIDJBJCG10TM3C,827,7/15/22 1:35,7/15/22 1:48,Pending,0,0,0.249,50533,,,,
374320,AFVY38VJYS1ET,3FE7TXL1LMNMULAANB6V9IRT5NPQ2R,1345,7/15/22 1:27,7/15/22 1:50,Pending,0,0,0.249,30112,,,,
374320,A397HP5TSIF2LO,324G5B4FB785ST2HCPTBQ3HJ3ZF07L,993,7/15/22 1:37,7/15/22 1:53,Pending,0,0,0.249,74294,,,,
374320,AKDZG54PT6YZ4,3UWN2HHPU25UWNEG1YTKW69SY62NS5,914,7/15/22 1:38,7/15/22 1:53,Pending,0,0,0.249,21386,,,,
374320,A2BICWCPAW5N7O,39O5D9O87XS7L2WAMTJ58N747LLC3E,3477,7/15/22 0:59,7/15/22 1:57,Pending,0,0,0.249,24649,,,,
374320,A16KIS81ZPTTKL,37U1UTWH9ZMXS1RZG74WOZE1N9M8RG,598,7/15/22 1:48,7/15/22 1:58,Pending,0,0,0.249,45325,,,,
374320,A1B9H14AV44C0G,339ANSOTR924U3QHZ97Q0CM1VDVIK3,1661,7/15/22 1:36,7/15/22 2:03,Pending,0,0,0.249,62216,,,,
374320,A1N1ULK71RHVMM,39ZSFO5CACWESAFZB5WSI0AZAJIUJO,1729,7/15/22 1:36,7/15/22 2:04,Pending,0,0,0.249,50440,,,,
374320,A2JUELKWP5O5FB,3OSWBBLG1IXT6S926EL4Z9EQZH4DXN,1315,7/15/22 1:48,7/15/22 2:10,Pending,0,0,0.249,75847,,,,
374320,ACJNWSBIVI46H,3NS0A6KXC88LN7J89MAX2FXYK9IZGG,1087,7/15/22 1:57,7/15/22 2:15,Pending,0,0,0.249,90335,,,,
374320,A77K8W55MJEKX,3S0TNUHWKXI3RR8UY69CJAXX88XD8H,447,7/15/22 2:09,7/15/22 2:17,Pending,0,0,0.249,68401,,,,
374320,A2HHGI5CNSS5PD,3IAS3U3I0JGZQF8L4T95ETWUJNU2BX,911,7/15/22 2:16,7/15/22 2:31,Pending,0,0,0.249,87786,,,,
374320,A1NLJ1L4VCQYV2,3TXWC2NHN3Q97LAM0OAFE5E8THO9SV,2363,7/15/22 1:58,7/15/22 2:37,Pending,0,0,0.249,72993,,,,
374320,A3VEF4M5FIN7KH,33F859I56AD355B3NECC1X2W869BHL,3003,7/15/22 1:48,7/15/22 2:38,Pending,0,0,0.249,56344,,,,
374320,A1RTD65R1H8MQW,3SNLUL3WO8NKN03ZEQ85YFNRE8UULX,291,7/15/22 2:35,7/15/22 2:39,Pending,0,0,0.249,85539,,,,
374320,ANHO7XT3KW3IY,33TIN5LC08A637MVZU24WR29A2O9YD,710,7/15/22 2:33,7/15/22 2:44,Pending,0,0,0.249,96843,,,,
374320,A80X2FTFDSR19,3KKG4CDWKMYQ508BANEXG2Y2F1N49L,1848,7/15/22 2:14,7/15/22 2:45,Pending,0,0,0.249,27547,,,,
374320,A2JHF7CU91EVXW,3K2755HG5W3C66IH6KFIT2EJVCDFD3,863,7/15/22 2:32,7/15/22 2:47,Pending,0,0,0.249,33892,,,,
374320,A2W434UNNBRS4L,3VZLGYJEYPAW9TEYYWA1Q1XTNZJZXD,608,7/15/22 2:41,7/15/22 2:51,Pending,0,0,0.249,38459,,,,
374320,A3493E42N1JZVF,3OLQQLKKNWPX3EIDL5HNEIOWOVXEJ0,463,7/15/22 2:45,7/15/22 2:53,Pending,0,0,0.249,18061,,,,
374320,AYYBMS4XQJ9AP,3WLEIWSYHSH9HSB74LJ104ZSE0XH2Q,3397,7/15/22 1:58,7/15/22 2:54,Pending,0,0,0.249,74759,,,,
374320,A35UAZ5IKU14XW,3RRCEFRB7QC9TTN887ST78TS31V4B0,897,7/15/22 2:51,7/15/22 3:06,Pending,0,0,0.249,12124,,,,
374320,AKEMS83MHQJQO,3Y9N9SS8L2BHQU2OMPEGSTPMSMC3DM,610,7/15/22 2:57,7/15/22 3:07,Pending,0,0,0.249,89598,,,,
374320,A2GO0EY5FW18AG,3VD82FOHKUOW7RPW5R3XWQ5F2DROCX,2539,7/15/22 2:29,7/15/22 3:11,Pending,0,0,0.249,24946,,,,
374320,A2C7VPGUGY5RAE,3GNA64GUZI4ETITX5U8T7PU5PXRQ53,1190,7/15/22 2:56,7/15/22 3:15,Pending,0,0,0.249,38715,,,,
374320,AQOCU4H3V27H8,30MVJZJNHQDG8IRWDU11M4NLXYJ9JN,1117,7/15/22 2:59,7/15/22 3:18,Pending,0,0,0.249,28405,,,,
374320,A3BWZ6V34W8SXX,3VP0C6EFSKWJR7VJIKBHIMO0BR26M9,2865,7/15/22 2:30,7/15/22 3:18,Pending,0,0,0.249,24671,,,,
374320,A2CS67AX8RPJUB,33NF62TLXN20PEANHRSQCD118STJKP,1951,7/15/22 2:50,7/15/22 3:22,Pending,0,0,0.249,57272,,,,
374320,A1T0ND039EWAVV,3ZGVPD4G6XHPSC5ETM941YCNA30TZT,864,7/15/22 3:13,7/15/22 3:27,Pending,0,0,0.249,92265,,,,
374320,A3PNJO5PQF54I5,3HWRJOOET92Q2H138ZQ16JFJKEDESJ,1289,7/15/22 3:07,7/15/22 3:28,Pending,0,0,0.249,49153,,,,
374320,A28HB7240OFGEW,39RP059MELTPXJCEEBSPT2ASPSIBM4,1202,7/15/22 3:10,7/15/22 3:30,Pending,0,0,0.249,53848,,,,
374320,A25N802S4J344I,3KRVW3HTZRLOE5TGPXEKJRKSTG4SMM,1256,7/15/22 3:10,7/15/22 3:31,Pending,0,0,0.249,30392,,,,
374320,A2GK11SPBF73C6,3TE22NPXPFCP8U2ZTSI6ZUNMT9G44W,1558,7/15/22 3:05,7/15/22 3:31,Pending,0,0,0.249,93037,,,,
374320,A3OHYXTHW11HS7,3QAPZX2QN8DY6S5B6DCGUC0BSJ502H,1052,7/15/22 3:14,7/15/22 3:31,Pending,0,0,0.249,74958,,,,
374320,A2OVX9UW5WANQE,3N1FSUEFL9028QLSM3JZ2YHS6M64D6,2958,7/15/22 2:44,7/15/22 3:33,Pending,0,0,0.249,sending email ID is A2OVX9UW5WANQE,,,,
374320,A3DKYNYN50FYFY,3AZHRG4CU8KNRA1UADQLDM53YX503S,1566,7/15/22 3:14,7/15/22 3:40,Pending,0,0,0.249,74406,,,,
374320,ADKBTSKPX195Q,31UV0MXWNUC1CK5ESM3KYN3JYNE5IJ,1172,7/15/22 3:22,7/15/22 3:42,Pending,0,0,0.249,22231,,,,
374320,AK1GE19RT3PK6,3YDGXNSEO3UQRVP15V8JG63RVVG84B,917,7/15/22 3:37,7/15/22 3:53,Pending,0,0,0.249,40158,,,,
374320,AC345Z4TYHYVO,3ERMJ6L4D2S2V79O1UG9O0OW62V7MI,1504,7/15/22 3:36,7/15/22 4:01,Pending,0,0,0.249,74384,,,,
374320,A3135Y3RMFC3PK,3SUWZRL0M2DLFJ361MNY5EJR2PM6EV,735,7/15/22 3:54,7/15/22 4:06,Pending,0,0,0.249,18680,,,,
374320,AL7UTA8J27TFK,30BUDKLTXHVPWF3SW3DTD85R6UBE5N,1340,7/15/22 3:56,7/15/22 4:18,Pending,0,0,0.249,23918,,,,
374320,AQXRHIMQ7UK7O,3BEFOD78WAT5CKR5ZWI2LO4MF0C4M2,1948,7/15/22 4:32,7/15/22 5:04,Pending,0,0,0.249,11470,,,,
374320,A1NIKHUA79SWGD,3RKNTXVS3QY4AJIG2TSXCX9MLJQ4AL,413,7/15/22 5:02,7/15/22 5:09,Pending,0,0,0.249,23935,,,,
374320,ARD4G7288R1JO,3OJSZ2ATDWW4N0OI9VZN7YDAK7H572,1096,7/15/22 5:13,7/15/22 5:32,Pending,0,0,0.249,26334,,,,
374320,AYTH0E5PUXWX8,3SLE99ER0RDPWQBXT0IJ14614WHBZ2,579,7/15/22 5:26,7/15/22 5:36,Pending,0,0,0.249,77517,,,,
374320,AWNR2FOWI73GL,3LWJHTCVCGM6VFMMB6L2T1LIFSWFQ5,968,7/15/22 6:29,7/15/22 6:45,Pending,0,0,0.249,42781,,,,
374320,A1VJAEPNA6YARO,3M68NM076L7AON8BNS7Y4LIAIFYR6I,1082,7/15/22 6:44,7/15/22 7:02,Pending,0,0,0.249,59390,,,,
374320,A1K2R6FBPUA5TQ,3MMN5BL1W34KUO81ZIDJBJCG211M3N,818,7/15/22 7:00,7/15/22 7:14,Pending,0,0,0.249,39189,,,,
374320,AZCGF2D7QIO10,3QAPZX2QN8DY6S5B6DCGUC0BTK420L,422,7/15/22 7:10,7/15/22 7:17,Pending,0,0,0.249,92130,,,,
374320,A32JEH06T23HDF,3OONKJ5DKGJDXMXQRR72L6ZXKRXOBU,,7/14/22 22:50,,Not Submitted,0,0,0.249,,,,,
374320,A2FGKKWP33DFWS,34V1S5K3GW14KNCPTB7CD0IGBR169E,,7/14/22 22:50,,Not Submitted,0,0,0.249,,,,,
374320,AIEKCWYZTS41V,3PJUZCGDJAGRO1VDMQ4AXEE7HMR892,,7/14/22 22:50,,Not Submitted,0,0,0.249,,,,,
374320,A3CH1Z6J9R38G9,3C44YUNSI5POXJ7BKNBN5WSNXH6DP8,,7/14/22 22:50,,Not Submitted,0,0,0.249,,,,,
374320,AQMLJYUQCSG22,32VNZTT0AB4W904X44EJ7NYWLM0R40,,7/14/22 22:50,,Not Submitted,0,0,0.249,,,,,
374320,A2R75YFKVALBXE,3WEV0KO0OQSLABN3C4FH01XYK1DDSO,,7/14/22 22:50,,Not Submitted,0,0,0.249,,,,,
374320,A2JDYN6QM8M5UN,3ATPCQ38JCAK8QW0R0G4SMDTGJCAYX,,7/14/22 22:50,,Not Submitted,0,0,0.249,,,,,
374320,AJRY9ALX8069Y,3KB8R4ZV1I7P59GS38UUGXQVT57BGV,,7/14/22 22:50,,Not Submitted,0,0,0.249,,,,,
374320,A1NKBIJQGT0712,39PAAFCODQ08JS04SPK1GSZRMRUVTT,,7/14/22 22:50,,Not Submitted,0,0,0.249,,,,,
374320,AM65LGXJBTJ0I,3CP1TO84PX1X1ZRC3JISB7W29QG252,,7/14/22 22:50,,Not Submitted,0,0,0.249,,,,,
374320,A9HQ3E0F2AGVO,3VW6495TLN0L48U376UKV8V0JAEYYU,,7/14/22 22:50,,Not Submitted,0,0,0.249,,,,,
374320,AZ8JL3QNIPY4U,3ZR9AIQJUF9896KYARV4NRX9CW140F,,7/14/22 22:50,,Not Submitted,0,0,0.249,,,,,
374320,A3UJSDFJ9LBQ6Z,3GDTJDAPVYB6VLE7BZ8F20KRHLY8M1,,7/14/22 22:50,,Not Submitted,0,0,0.249,,,,,
374320,AOOLS8280CL0Z,39DD6S19JTBN3TNH3RK92CCM7SDZE7,,7/14/22 22:50,,Not Submitted,0,0,0.249,,,,,
374320,A1RLPUU0XA8X4O,3OLQQLKKNWPX3EIDL5HNEIOWOU1JE7,,7/14/22 22:50,,Not Submitted,0,0,0.249,,,,,
374320,A2Z6NL0CTXY0ZB,3HOSI13XH3OF8M4LFEKS52BYJY3DDU,,7/14/22 22:51,,Not Submitted,0,0,0.249,,,,,
374320,A2Q0D3TOREOIQ8,3NGI5ARFTX5U5ORZ4URS4URE8K3P1U,,7/14/22 22:51,,Not Submitted,0,0,0.249,,,,,
374320,A12UOIO3KBRF7M,34S6N1K2ZZJFIEXFER16F0Y1KZYHLN,,7/14/22 22:52,,Not Submitted,0,0,0.249,,,,,
374320,A1YSYI926BBOHW,3DI28L7YXEEQ8X29VGBHAISAUD1E1Y,,7/14/22 22:52,,Not Submitted,0,0,0.249,,,,,
374320,A2M183CETUMR96,32N49TQG3KI34W1VMPTKLN9ZY2AAVO,,7/14/22 22:53,,Not Submitted,0,0,0.249,,,,,
374320,AZ69TBTDH7AZS,3NL0RFNU0JNAMWR2EK5M6BCIQU74KL,,7/14/22 22:55,,Not Submitted,0,0,0.249,,,,,
374320,A259UZJQOOVE4V,3XLBSAQ9Z8C2UE87GJ63W2K5L5AZ7M,,7/14/22 22:55,,Not Submitted,0,0,0.249,,,,,
374320,AWVIOLZUKBNVU,3PH3VY7DJPXHKT98OREFOIJMEWKWZM,,7/14/22 22:56,,Not Submitted,0,0,0.249,,,,,
374320,A2ZNOMZ35LKY8Q,3PWWM24LHWYGOHAE1HPVNR6TBGH284,,7/14/22 22:57,,Not Submitted,0,0,0.249,,,,,
374320,A1P6OXEJ86HQRM,3X08E93BHZIH24ARV440TQRELQT663,,7/14/22 22:59,,Not Submitted,0,0,0.249,,,,,
374320,A1HFY6TQD2GBZA,3WT783CTPFHCOX0N1MYBQ65GVDHBCN,,7/14/22 23:00,,Not Submitted,0,0,0.249,,,,,
374320,A1LYQQX0VGOM7U,3VP0C6EFSKWJR7VJIKBHIMO0BQ86MD,,7/14/22 23:01,,Not Submitted,0,0,0.249,,,,,
374320,A3OB4WYRTLMT0Z,3HFNH7HEMLEC9FIHMQRKBMLUF5AQGO,,7/14/22 23:03,,Not Submitted,0,0,0.249,,,,,
374320,A1J8TVICSRC70W,3MX2NQ3YCDUY2FU9R83L1XQYMZIX59,,7/14/22 23:04,,Not Submitted,0,0,0.249,,,,,
374320,A1B76WYZ47BQJ,3483FV8BEIJTK3RQ82SX3DA25LR26I,,7/14/22 23:06,,Not Submitted,0,0,0.249,,,,,
374320,A2LMQ4497NMK3S,3ZPBJO59KT1WK29N1A3IWNQWBQWDH3,,7/14/22 23:10,,Not Submitted,0,0,0.249,,,,,
374320,A272X64FOZFYLB,3LJ7UR74RLDBU2C5BXX2Y3TMKPC4NQ,,7/14/22 23:11,,Not Submitted,0,0,0.249,,,,,
374320,A2XFO0X6RCS98M,3BEFOD78WAT5CKR5ZWI2LO4MFZ24MQ,,7/14/22 23:22,,Not Submitted,0,0,0.249,,,,,
374320,A1ODA3Q5H6HTDQ,36NEMU28XJDHLMAP92OLGGNDZS0WM3,,7/14/22 23:26,,Not Submitted,0,0,0.249,,,,,
374320,A3D2GO0IFRFN6R,30JNVC0ORDKQ9BDS6W92WMXVU5PHQG,,7/14/22 23:32,,Not Submitted,0,0,0.249,,,,,
374320,A35CRYBHUZZZHO,3AQF3RZ55CIDLX32WX74NW4REP6F6P,,7/14/22 23:59,,Not Submitted,0,0,0.249,,,,,
374320,ADAL2H41ZBWAK,3C5W7UE9CJQWAMFFJ7K7IZ1K8UKXMB,,7/15/22 0:15,,Not Submitted,0,0,0.249,,,,,
374320,AMWIBULQ4S8K3,3EFVCAY5L79GUD8M82VNM8SADRI8JC,,7/15/22 0:24,,Not Submitted,0,0,0.249,,,,,
374320,A8OCUP28K7HRB,3JJVG1YBEFXRPCR8MCB3C0Z63WDB5X,,7/15/22 1:07,,Not Submitted,0,0,0.249,,,,,
374320,A1G187YBG0DVMQ,3DIP6YHAPGS8JXMUU1KWPSFI8KS8EZ,,7/15/22 1:14,,Not Submitted,0,0,0.249,,,,,
374320,A36SM7QM8OK3H6,34QN5IT0T3R9S770MULH43DEEJO08B,,7/15/22 2:03,,Not Submitted,0,0,0.249,,,,,
374320,A36GU3OHGLDS8R,3R3YRB5GRJ33RHCVHZJFP17GKWTAUT,,7/15/22 2:19,,Not Submitted,0,0,0.249,,,,,
374320,ARRDHASPCGP4L,35BLDD71IAX45493YH9J2G087OAVZ5,,7/15/22 2:29,,Not Submitted,0,0,0.249,,,,,
374320,A1CHU9J9YU9CS8,3OE22WJIGMOVEXJC6VG1F1MLOEPUQU,,7/15/22 3:34,,Not Submitted,0,0,0.249,,,,,
374320,AR8O1107OAW4V,3I33IC7ZWJ2U753TYF99JICO1502AT,,7/15/22 5:51,,Not Submitted,0,0,0.249,,,,,